{
	"format_version": "1.8.0",
	"animations": {
		"Pose": {
			"animation_length": 3,
			"bones": {
				"body": {
					"rotation": {
						"0.0": {
							"vector": [35, 0, 0]
						}
					},
					"position": {
						"0.0": {
							"vector": [0, 0, 0]
						}
					}
				},
				"leftarm": {
					"rotation": {
						"0.0": {
							"vector": [28.68139, -0.03911, 34.90307]
						}
					}
				},
				"eyes": {
					"rotation": {
						"0.0": {
							"vector": [0, 0, 0]
						}
					}
				},
				"head": {
					"rotation": {
						"0.0": {
							"vector": [-20.51, 2.56, 7.05]
						}
					}
				},
				"rightarm": {
					"rotation": {
						"0.0": {
							"vector": [28.68139, 0.03911, -34.90307]
						}
					}
				},
				"lefthorn": {
					"rotation": {
						"vector": [42.73421, -15.69986, 16.32495]
					}
				},
				"righthorn": {
					"rotation": {
						"vector": [42.73421, 15.69986, -16.32495]
					}
				}
			}
		},
		"Idle": {
			"loop": true,
			"animation_length": 3,
			"bones": {
				"body": {
					"rotation": {
						"0.0": {
							"vector": [22.5, 0, 0]
						},
						"1.25": {
							"vector": [27.5, 0, 0]
						},
						"3.0": {
							"vector": [22.5, 0, 0]
						}
					},
					"position": {
						"0.0": {
							"vector": [0, 0, 0]
						},
						"2.25": {
							"vector": [0, 1, 0]
						},
						"3.0": {
							"vector": [0, 0, 0]
						}
					}
				},
				"leftarm": {
					"rotation": {
						"0.0": {
							"vector": [-50.81861, -0.03911, 34.90307]
						},
						"1.75": {
							"vector": [-43.2071, -3.467, 31.26082]
						},
						"3.0": {
							"vector": [-50.81861, -0.03911, 34.90307]
						}
					}
				},
				"rightarm": {
					"rotation": {
						"0.0": {
							"vector": [-50.81861, 0.03911, -34.90307]
						},
						"1.75": {
							"vector": [-43.2071, 3.467, -31.26082]
						},
						"3.0": {
							"vector": [-50.81861, 0.03911, -34.90307]
						}
					}
				},
				"head": {
					"rotation": {
						"0.0": {
							"vector": [-19.8423, 2.55868, 7.05239]
						},
						"3.0": {
							"vector": [-19.8423, 2.55868, 7.05239]
						}
					}
				},
				"eyes": {
					"rotation": {
						"0.0": {
							"vector": [0, 0, 0]
						},
						"3.0": {
							"vector": [0, 0, 0]
						}
					}
				},
				"lefthorn": {
					"rotation": {
						"vector": [42.73421, -15.69986, 16.32495]
					}
				},
				"righthorn": {
					"rotation": {
						"vector": [42.73421, 15.69986, -16.32495]
					}
				}
			}
		},
		"Move": {
			"loop": true,
			"animation_length": 2,
			"bones": {
				"body": {
					"rotation": {
						"0.0": {
							"vector": [36.17, 0, 0]
						},
						"0.25": {
							"vector": [35, 0, 0]
						},
						"1.25": {
							"vector": [42.5, 0, 0]
						},
						"2.0": {
							"vector": [36.17, 0, 0]
						},
						"2.25": {
							"vector": [35, 0, 0]
						}
					},
					"position": {
						"0.0": {
							"vector": [0, 0, 0]
						},
						"0.25": {
							"vector": [0, 0, 0]
						},
						"2.0": {
							"vector": [0, 0, 0]
						}
					}
				},
				"leftarm": {
					"rotation": {
						"0.0": {
							"vector": [16.68139, -0.03911, 34.90307]
						},
						"1.0": {
							"vector": [28.68139, -0.03911, 34.90307]
						},
						"2.0": {
							"vector": [16.68139, -0.03911, 34.90307]
						}
					}
				},
				"rightarm": {
					"rotation": {
						"0.0": {
							"vector": [16.68139, 0.03911, -34.90307]
						},
						"1.0": {
							"vector": [28.68139, 0.03911, -34.90307]
						},
						"2.0": {
							"vector": [16.68139, 0.03911, -34.90307]
						}
					}
				},
				"head": {
					"rotation": {
						"0.0": {
							"vector": [-20.51, 2.56, 7.05]
						},
						"0.75": {
							"vector": [-24.8423, 2.55868, 7.05239]
						},
						"1.75": {
							"vector": [-19.8423, 2.55868, 7.05239]
						},
						"2.0": {
							"vector": [-20.51, 2.56, 7.05]
						},
						"2.75": {
							"vector": [-24.8423, 2.55868, 7.05239]
						}
					},
					"position": {
						"vector": [0, 0, 0]
					}
				},
				"lefthorn": {
					"rotation": {
						"vector": [42.73421, -15.69986, 16.32495]
					}
				},
				"righthorn": {
					"rotation": {
						"vector": [42.73421, 15.69986, -16.32495]
					}
				},
				"eyes": {
					"rotation": {
						"0.0": {
							"vector": [0, 0, 0]
						}
					}
				}
			}
		},
		"Claws": {
			"animation_length": 0.8333,
			"bones": {
				"body": {
					"rotation": {
						"0.0417": {
							"vector": [-22.5, 0, 0]
						},
						"0.2083": {
							"vector": [32.20568, -0.53811, -1.05712]
						},
						"0.5": {
							"vector": [21.91235, -0.28083, -0.55169]
						},
						"0.8333": {
							"vector": [35, 0, 0]
						}
					},
					"position": {
						"0.8333": {
							"vector": [0, 0, 0]
						}
					}
				},
				"leftarm": {
					"rotation": {
						"0.0": {
							"vector": [-56.144, 39.13171, 64.41526]
						},
						"0.0833": {
							"vector": [-76.57569, 71.47776, 67.69576]
						},
						"0.1667": {
							"vector": [-106.36772, -10.12428, 57.159]
						},
						"0.5": {
							"vector": [-72.30441, -37.54943, 59.41046]
						},
						"0.8333": {
							"vector": [28.68139, -0.03911, 34.90307]
						}
					},
					"position": {
						"0.0": {
							"vector": [0, 0, 2]
						},
						"0.1667": {
							"vector": [0, -1, -3]
						},
						"0.5": {
							"vector": [0, -1, -3]
						},
						"0.8333": {
							"vector": [0, 0, 0]
						}
					}
				},
				"head": {
					"rotation": {
						"0.0": {
							"vector": [17.71046, -2.65967, 11.09198]
						},
						"0.1667": {
							"vector": [-22.28954, -2.65967, 11.09198]
						},
						"0.5": {
							"vector": [-8.56592, -0.0505, 9.07219]
						},
						"0.8333": {
							"vector": [-24.8423, 2.55868, 7.05239]
						}
					}
				},
				"eyes": {
					"rotation": {
						"0.8333": {
							"vector": [0, 0, 0]
						}
					}
				},
				"rightarm": {
					"rotation": {
						"0.0": {
							"vector": [-53.62636, -43.22356, -68.23592]
						},
						"0.0833": {
							"vector": [-76.57569, -71.47776, -67.69576]
						},
						"0.1667": {
							"vector": [-115.97519, 3.39129, -53.82983]
						},
						"0.5": {
							"vector": [-87.34762, 27.6476, -67.49671]
						},
						"0.8333": {
							"vector": [28.68139, 0.03911, -34.90307]
						}
					},
					"position": {
						"0.0": {
							"vector": [0, 0, 2]
						},
						"0.1667": {
							"vector": [0, -1, -3]
						},
						"0.5": {
							"vector": [0, -1, -3]
						},
						"0.8333": {
							"vector": [0, 0, 0]
						}
					}
				},
				"lefthorn": {
					"rotation": {
						"vector": [42.73421, -15.69986, 16.32495]
					}
				},
				"righthorn": {
					"rotation": {
						"vector": [42.73421, 15.69986, -16.32495]
					}
				}
			}
		}
	},
	"geckolib_format_version": 2
}